timestamp,symbol,timeframe,open,high,low,close,volume,ema_20,ema_50,ema_200,rsi,atr,signal
2026-04-19T18:00:00,BTC/USD,6h,74820.85,75120.09,73777.86,73823.14,2061.2969453,75035.54,73483.47,70580.41,43.87,1100.52,HOLD
2026-04-20T00:00:00,BTC/USD,6h,73823.27,74781.95,73741.53,74298.45,1289.21324813,74965.34,73515.43,70617.4,47.45,1096.23,HOLD
2026-04-20T06:00:00,BTC/USD,6h,74299.01,75600.0,74280.31,75223.96,1402.89167495,74989.97,73582.43,70663.24,53.65,1112.19,BUY
2026-04-20T12:00:00,BTC/USD,6h,75220.26,76000.0,74730.01,75937.31,3360.24220721,75080.2,73674.78,70715.72,57.79,1123.46,BUY
2026-04-20T18:00:00,BTC/USD,6h,75937.31,76600.0,75653.71,75864.86,2926.98799605,75154.93,73760.67,70766.95,57.23,1110.8,BUY
2026-04-21T00:00:00,BTC/USD,6h,75864.86,76290.0,75514.0,75835.77,885.94880125,75219.77,73842.04,70817.39,56.99,1086.89,BUY
2026-04-21T06:00:00,BTC/USD,6h,75835.76,76926.37,75725.96,76485.82,1524.09322639,75340.35,73945.72,70873.79,60.91,1095.0,BUY
2026-04-21T12:00:00,BTC/USD,6h,76486.41,76632.97,75074.0,75567.26,3145.61202797,75361.96,74009.31,70920.49,53.5,1128.14,BUY
2026-04-21T18:00:00,BTC/USD,6h,75567.27,76453.02,74817.27,76348.58,2001.2638811,75455.92,74101.05,70974.5,58.16,1164.4,BUY
2026-04-22T00:00:00,BTC/USD,6h,76355.73,78444.0,76145.0,77986.99,2660.34074901,75696.97,74253.44,71044.28,65.89,1245.44,HOLD
2026-04-22T06:00:00,BTC/USD,6h,77987.0,78422.84,77821.1,78327.98,1685.35783402,75947.55,74413.22,71116.75,67.24,1199.46,HOLD
2026-04-22T12:00:00,BTC/USD,6h,78327.98,79523.0,78137.19,78947.97,4767.52990418,76233.3,74591.06,71194.68,69.61,1212.77,HOLD
2026-04-22T18:00:00,BTC/USD,6h,78947.98,79218.81,78182.0,78208.52,2644.69101375,76421.42,74732.92,71264.47,63.7,1200.2,HOLD
2026-04-23T00:00:00,BTC/USD,6h,78208.52,78608.94,77500.0,78051.59,1614.87513842,76576.67,74863.06,71332.0,62.49,1193.68,HOLD
2026-04-23T06:00:00,BTC/USD,6h,78055.02,78370.49,77200.0,77722.29,1353.02607488,76685.78,74975.19,71395.59,59.91,1192.03,BUY
2026-04-23T12:00:00,BTC/USD,6h,77722.29,78722.96,76979.99,77796.41,4263.31189951,76791.55,75085.82,71459.28,60.31,1231.38,BUY
2026-04-23T18:00:00,BTC/USD,6h,77796.41,78369.99,77600.0,78281.32,2135.54192176,76933.44,75211.14,71527.16,62.9,1198.42,HOLD
2026-04-24T00:00:00,BTC/USD,6h,78281.32,78607.38,77465.3,77974.29,1350.69832848,77032.56,75319.5,71591.31,60.22,1194.4,BUY
2026-04-24T06:00:00,BTC/USD,6h,77974.3,78400.0,77423.86,78256.13,1268.76029561,77149.09,75434.66,71657.62,61.83,1178.81,BUY
2026-04-24T12:00:00,BTC/USD,6h,78256.15,78500.0,77502.59,77707.15,3758.44845238,77202.24,75523.78,71717.82,57.0,1165.85,BUY
2026-04-24T18:00:00,BTC/USD,6h,77707.16,77787.4,77289.0,77461.8,1388.86504382,77226.96,75599.78,71774.97,54.94,1118.18,BUY
2026-04-25T00:00:00,BTC/USD,6h,77461.79,77739.8,77329.29,77542.19,442.70257979,77256.98,75675.95,71832.36,55.5,1067.63,BUY
2026-04-25T06:00:00,BTC/USD,6h,77542.19,77911.09,77470.0,77709.94,700.24852898,77300.12,75755.71,71890.84,56.73,1022.88,BUY
2026-04-25T12:00:00,BTC/USD,6h,77711.31,77774.27,77179.2,77274.53,1071.6316729,77297.69,75815.28,71944.41,52.67,992.32,BUY
2026-04-25T18:00:00,BTC/USD,6h,77274.52,77680.3,77210.0,77650.72,657.09180934,77331.31,75887.25,72001.19,55.63,955.03,BUY
2026-04-26T00:00:00,BTC/USD,6h,77650.72,78221.43,77346.44,78004.97,773.82207874,77395.47,75970.3,72060.93,58.27,949.31,BUY
2026-04-26T06:00:00,BTC/USD,6h,78004.97,78237.34,77917.89,78118.01,503.74495611,77464.28,76054.53,72121.2,59.1,904.32,BUY
2026-04-26T12:00:00,BTC/USD,6h,78118.01,78189.65,77782.36,78037.46,795.91647609,77518.87,76132.29,72180.07,58.21,868.82,BUY
2026-04-26T18:00:00,BTC/USD,6h,78037.46,78943.0,77873.76,78673.83,1868.5735865,77628.86,76231.96,72244.68,62.98,883.14,HOLD
2026-04-27T00:00:00,BTC/USD,6h,78673.84,79496.0,77584.43,77790.0,2724.02041098,77644.21,76293.06,72299.86,53.79,956.6,BUY
2026-04-27T06:00:00,BTC/USD,6h,77790.01,77992.86,77481.0,77847.89,1066.95605216,77663.61,76354.03,72355.06,54.26,924.83,BUY
2026-04-27T12:00:00,BTC/USD,6h,77847.88,78278.39,76529.01,76721.22,3634.78260131,77573.86,76368.43,72398.51,44.72,983.73,HOLD
2026-04-27T18:00:00,BTC/USD,6h,76721.22,77444.41,76447.51,77364.42,1863.00340783,77553.91,76407.49,72447.92,50.11,984.67,BUY
2026-04-28T00:00:00,BTC/USD,6h,77364.48,77478.99,76664.99,76882.73,1220.95905722,77489.99,76426.12,72492.05,46.46,972.48,HOLD
2026-04-28T06:00:00,BTC/USD,6h,76884.2,77029.4,76106.88,76224.71,1341.89727519,77369.49,76418.23,72529.19,41.95,968.91,HOLD
2026-04-28T12:00:00,BTC/USD,6h,76224.72,76423.44,75646.84,76166.79,2609.15624299,77254.94,76408.37,72565.38,41.57,955.17,HOLD
2026-04-28T18:00:00,BTC/USD,6h,76166.79,76483.8,76042.42,76317.99,1453.81867113,77165.71,76404.82,72602.72,43.03,918.47,HOLD
2026-04-29T00:00:00,BTC/USD,6h,76317.99,77447.18,76163.99,77280.36,1607.8594129,77176.63,76439.16,72649.26,51.35,944.52,BUY
2026-04-29T06:00:00,BTC/USD,6h,77280.36,77906.84,76912.64,77580.73,1528.50238182,77215.11,76483.92,72698.33,53.63,948.07,BUY
2026-04-29T12:00:00,BTC/USD,6h,77580.73,77597.63,75663.89,76153.83,3738.13409988,77114.04,76470.98,72732.72,43.27,1018.48,HOLD
2026-04-29T18:00:00,BTC/USD,6h,76146.12,76236.65,74914.0,75752.88,2791.08715274,76984.41,76442.82,72762.77,40.88,1040.2,HOLD
2026-04-30T00:00:00,BTC/USD,6h,75752.87,76448.83,75290.1,75567.91,1454.49991057,76849.5,76408.51,72790.68,39.79,1048.67,HOLD
2026-04-30T06:00:00,BTC/USD,6h,75567.9,76321.98,75538.0,76039.6,916.55792951,76772.37,76394.04,72823.01,43.9,1029.76,HOLD
2026-04-30T12:00:00,BTC/USD,6h,76039.6,76655.95,75982.3,76210.43,2236.05517049,76718.85,76386.84,72856.71,45.36,1004.33,HOLD
2026-04-30T18:00:00,BTC/USD,6h,76210.43,76543.47,76161.54,76305.78,1675.34426592,76679.51,76383.66,72891.03,46.2,959.87,HOLD
2026-05-01T00:00:00,BTC/USD,6h,76305.78,77427.41,76275.01,77144.81,1311.33909291,76723.82,76413.51,72933.36,53.04,973.62,BUY
2026-05-01T06:00:00,BTC/USD,6h,77144.81,77588.39,76852.56,77452.72,1002.07795385,76793.24,76454.26,72978.33,55.28,956.64,BUY
2026-05-01T12:00:00,BTC/USD,6h,77452.73,78961.14,77392.01,78550.0,4540.89568912,76960.55,76536.45,73033.77,62.22,1000.39,HOLD
2026-05-01T18:00:00,BTC/USD,6h,78550.0,78631.23,77721.81,78234.05,1932.16775266,77081.84,76603.02,73085.51,59.36,993.89,BUY
2026-05-02T00:00:00,BTC/USD,6h,78234.05,78517.77,78034.28,78179.6,625.45092258,77186.39,76664.85,73136.2,58.86,957.43,BUY
2026-05-02T06:00:00,BTC/USD,6h,78179.6,78394.26,78093.09,78147.04,382.11887759,77277.88,76722.97,73186.06,58.54,910.56,BUY
2026-05-02T12:00:00,BTC/USD,6h,78147.05,78594.99,78098.93,78393.08,574.55257787,77384.09,76788.47,73237.87,60.29,880.95,BUY
2026-05-02T18:00:00,BTC/USD,6h,78393.07,79155.0,78308.0,78682.31,862.0919004,77507.73,76862.74,73292.04,62.3,878.52,HOLD
2026-05-03T00:00:00,BTC/USD,6h,78682.31,78759.97,78098.33,78239.86,526.17372022,77577.45,76916.74,73341.27,57.5,863.03,BUY
2026-05-03T06:00:00,BTC/USD,6h,78239.87,78840.24,78073.01,78657.99,440.95535323,77680.36,76985.03,73394.18,60.59,856.19,BUY
2026-05-03T12:00:00,BTC/USD,6h,78658.0,78873.0,78552.39,78721.36,681.56607632,77779.51,77053.12,73447.18,61.05,817.93,BUY
2026-05-03T18:00:00,BTC/USD,6h,78721.37,79428.6,78478.43,78558.89,1118.18073338,77853.73,77112.17,73498.05,59.14,827.38,BUY
2026-05-04T00:00:00,BTC/USD,6h,78558.88,80613.0,78269.41,80013.53,2899.59732367,78059.43,77225.95,73562.88,68.63,935.68,HOLD
2026-05-04T06:00:00,BTC/USD,6h,80013.53,80049.0,78205.0,78782.95,2331.58506977,78128.33,77287.01,73614.82,56.64,1000.56,BUY
2026-05-04T12:00:00,BTC/USD,6h,78782.95,80750.0,78491.0,80393.97,4811.92620493,78344.11,77408.85,73682.27,65.21,1090.45,HOLD
2026-05-04T18:00:00,BTC/USD,6h,80391.28,80441.54,79733.52,79852.37,1496.30688432,78487.75,77504.67,73743.67,60.86,1063.13,BUY
2026-05-05T00:00:00,BTC/USD,6h,79852.37,81324.59,79789.5,80965.55,1812.38416794,78723.73,77640.39,73815.53,65.89,1096.84,HOLD
2026-05-05T06:00:00,BTC/USD,6h,80965.56,81161.36,80511.34,81026.17,1139.83939945,78943.01,77773.17,73887.27,66.15,1064.93,HOLD
2026-05-05T12:00:00,BTC/USD,6h,81026.16,81735.3,80934.88,81280.0,3470.31590448,79165.58,77910.69,73960.83,67.26,1046.03,HOLD
2026-05-05T18:00:00,BTC/USD,6h,81280.04,81799.6,80778.0,80907.72,2706.96109347,79331.5,78028.22,74029.96,63.96,1044.29,HOLD
2026-05-06T00:00:00,BTC/USD,6h,80907.72,81750.0,80699.66,81322.16,1312.39274634,79521.09,78157.4,74102.52,65.96,1044.72,HOLD
2026-05-06T06:00:00,BTC/USD,6h,81322.16,82814.23,81202.79,82520.75,2349.25098531,79806.77,78328.51,74186.28,70.98,1085.2,HOLD
2026-05-06T12:00:00,BTC/USD,6h,82520.75,82541.88,81122.0,81449.91,3089.70929187,79963.26,78450.92,74258.55,62.16,1109.11,HOLD
2026-05-06T18:00:00,BTC/USD,6h,81449.9,81705.34,81000.0,81438.1,1525.17796665,80103.72,78568.06,74329.99,62.07,1080.27,HOLD
2026-05-07T00:00:00,BTC/USD,6h,81438.11,81488.98,80724.74,81092.98,1111.67769873,80197.94,78667.08,74397.29,59.31,1057.69,BUY
2026-05-07T06:00:00,BTC/USD,6h,81092.98,81709.17,80562.0,80857.33,944.90477037,80260.74,78752.97,74461.57,57.44,1064.08,BUY
2026-05-07T12:00:00,BTC/USD,6h,80857.33,81199.73,79456.0,80091.18,3532.21454497,80244.59,78805.45,74517.58,51.72,1112.63,BUY
2026-05-07T18:00:00,BTC/USD,6h,80091.18,80375.21,79566.87,80005.38,1449.35395667,80221.81,78852.5,74572.19,51.11,1090.9,BUY
2026-05-08T00:00:00,BTC/USD,6h,80005.38,80136.45,79589.37,79593.1,106.24736695,80161.93,78881.55,74622.15,48.15,1052.05,HOLD
2026-05-08T06:00:00,BTC/USD,6h,79590.67,80324.34,79589.38,80223.49,687.9756736,80167.79,78934.17,74677.88,52.66,1029.4,BUY
2026-05-08T12:00:00,BTC/USD,6h,80223.14,80487.39,79520.44,80050.95,1396.1697615,80156.66,78977.97,74731.34,51.35,1024.94,BUY
2026-05-08T18:00:00,BTC/USD,6h,80053.95,80419.99,79940.0,80188.82,896.34890254,80159.73,79025.45,74785.65,52.37,986.02,BUY
2026-05-09T00:00:00,BTC/USD,6h,80188.82,80666.16,80115.33,80374.0,420.87415812,80180.13,79078.34,74841.25,53.78,954.93,BUY
2026-05-09T06:00:00,BTC/USD,6h,80374.0,80434.62,80124.5,80315.98,505.41483537,80193.07,79126.87,74895.73,53.25,908.87,BUY
2026-05-09T12:00:00,BTC/USD,6h,80315.98,80909.0,80214.33,80794.61,637.63818007,80250.36,79192.27,74954.42,57.02,893.57,BUY
2026-05-09T18:00:00,BTC/USD,6h,80795.4,81065.32,80603.22,80655.96,492.66182818,80288.99,79249.67,75011.15,55.62,862.75,BUY
2026-05-10T00:00:00,BTC/USD,6h,80655.97,80876.05,80552.73,80679.99,355.68422783,80326.23,79305.76,75067.56,55.82,824.22,BUY
2026-05-10T06:00:00,BTC/USD,6h,80679.99,80959.04,80619.59,80794.0,434.71351108,80370.78,79364.12,75124.54,56.83,789.6,BUY
2026-05-10T12:00:00,BTC/USD,6h,80790.0,81567.99,80761.32,81471.42,1174.36367198,80475.6,79446.76,75187.69,62.32,790.82,HOLD
2026-05-10T18:00:00,BTC/USD,6h,81471.67,82450.0,80273.86,82199.99,2006.32666615,80639.83,79554.73,75257.47,67.15,889.77,HOLD
2026-05-11T00:00:00,BTC/USD,6h,82199.99,82379.0,80504.01,80809.99,1527.6843605,80656.03,79603.96,75312.72,53.14,960.14,BUY
2026-05-11T06:00:00,BTC/USD,6h,80810.0,81191.87,80595.35,81186.04,605.97998866,80706.51,79666.0,75371.16,55.82,934.17,BUY
2026-05-11T12:00:00,BTC/USD,6h,81187.5,82056.95,80417.72,81931.6,2951.3352976,80823.19,79754.85,75436.44,60.64,984.53,BUY
2026-05-11T18:00:00,BTC/USD,6h,81931.61,82131.55,81575.0,81727.06,1946.61795888,80909.27,79832.19,75499.03,58.75,953.96,BUY
2026-05-12T00:00:00,BTC/USD,6h,81727.09,81778.0,80728.3,81200.0,656.64799036,80936.96,79885.83,75555.75,54.07,960.8,BUY
2026-05-12T06:00:00,BTC/USD,6h,81200.0,81282.78,80464.44,80756.24,862.34445209,80919.75,79919.96,75607.5,50.42,950.62,BUY
2026-05-12T12:00:00,BTC/USD,6h,80755.31,80986.02,79802.51,80493.81,2600.24562317,80879.18,79942.47,75656.12,48.35,967.26,HOLD
2026-05-12T18:00:00,BTC/USD,6h,80493.81,80872.37,80398.02,80484.72,1128.13024323,80841.61,79963.73,75704.17,48.27,932.05,HOLD
2026-05-13T00:00:00,BTC/USD,6h,80484.72,81278.76,80389.95,80998.67,626.75772587,80856.57,80004.32,75756.85,52.69,928.96,BUY
2026-05-13T06:00:00,BTC/USD,6h,80999.9,81293.93,80458.66,80468.97,656.70590636,80819.66,80022.54,75803.73,48.13,922.27,HOLD
2026-05-13T12:00:00,BTC/USD,6h,80468.97,80570.3,78699.83,79485.12,4809.67215534,80692.56,80001.46,75840.37,41.03,990.0,HOLD
2026-05-13T18:00:00,BTC/USD,6h,79485.12,79949.75,79182.72,79288.26,1866.97609344,80558.82,79973.5,75874.67,39.76,974.07,HOLD
2026-05-14T00:00:00,BTC/USD,6h,79288.26,79962.39,78885.42,79779.34,1096.14716163,80484.58,79965.88,75913.53,44.37,981.42,HOLD
2026-05-14T06:00:00,BTC/USD,6h,79779.35,79912.21,79186.0,79212.02,559.13499241,80363.38,79936.32,75946.35,40.51,963.19,HOLD
2026-05-14T12:00:00,BTC/USD,6h,79212.01,82066.22,79194.06,81678.01,7883.58899325,80488.59,80004.62,76003.38,57.71,1099.55,BUY
2026-05-14T18:00:00,BTC/USD,6h,81678.0,81994.98,81146.88,81327.77,3241.46589763,80568.51,80056.51,76056.36,55.27,1081.59,BUY
2026-05-10T22:00:00,SOL/USD,1h,95.06,96.35,94.88,96.23,137495.5487498,94.65,93.4,89.38,64.42,0.95,HOLD
2026-05-10T23:00:00,SOL/USD,1h,96.24,96.84,95.95,96.44,152141.07432439,94.82,93.52,89.45,65.52,0.94,HOLD
2026-05-11T00:00:00,SOL/USD,1h,96.44,96.66,95.35,95.78,113673.90769133,94.91,93.61,89.51,59.31,0.97,BUY
2026-05-11T01:00:00,SOL/USD,1h,95.8,96.4,95.33,96.06,101899.84501031,95.02,93.7,89.57,61.0,0.97,BUY
2026-05-11T02:00:00,SOL/USD,1h,96.06,96.14,95.2,95.3,71188.72629457,95.05,93.77,89.63,54.39,0.97,BUY
2026-05-11T03:00:00,SOL/USD,1h,95.31,95.35,94.47,94.76,78116.57697962,95.02,93.81,89.68,50.23,0.97,BUY
2026-05-11T04:00:00,SOL/USD,1h,94.75,95.21,94.43,94.97,41127.00054538,95.02,93.85,89.73,51.77,0.95,BUY
2026-05-11T05:00:00,SOL/USD,1h,94.96,95.86,94.92,95.69,49435.73767173,95.08,93.92,89.79,56.73,0.95,BUY
2026-05-11T06:00:00,SOL/USD,1h,95.68,96.14,95.41,95.47,41292.52945709,95.12,93.98,89.85,54.88,0.94,BUY
2026-05-11T07:00:00,SOL/USD,1h,95.47,95.55,95.14,95.31,36336.78967642,95.14,94.04,89.9,53.51,0.9,BUY
2026-05-11T08:00:00,SOL/USD,1h,95.33,95.35,94.56,94.76,42896.32726127,95.1,94.06,89.95,48.97,0.89,HOLD
2026-05-11T09:00:00,SOL/USD,1h,94.75,95.33,94.72,95.29,12248.50226495,95.12,94.11,90.01,53.1,0.87,BUY
2026-05-11T10:00:00,SOL/USD,1h,95.27,95.56,95.04,95.06,15555.68066333,95.11,94.15,90.06,51.16,0.85,BUY
2026-05-11T11:00:00,SOL/USD,1h,95.06,95.48,94.9,95.29,17635.28165807,95.13,94.19,90.11,53.01,0.83,BUY
2026-05-11T12:00:00,SOL/USD,1h,95.3,95.38,94.66,94.78,39929.76795674,95.1,94.22,90.16,48.63,0.82,HOLD
2026-05-11T13:00:00,SOL/USD,1h,94.77,95.46,94.54,95.2,61338.61263012,95.11,94.26,90.21,52.13,0.83,BUY
2026-05-11T14:00:00,SOL/USD,1h,95.21,95.87,94.25,95.13,137589.87859638,95.11,94.29,90.25,51.5,0.88,BUY
2026-05-11T15:00:00,SOL/USD,1h,95.13,96.8,94.8,96.78,182778.14455749,95.27,94.39,90.32,62.9,0.96,HOLD
2026-05-11T16:00:00,SOL/USD,1h,96.78,97.97,96.48,97.32,167760.82331709,95.46,94.5,90.39,65.74,1.0,HOLD
2026-05-11T17:00:00,SOL/USD,1h,97.32,97.96,96.83,97.75,113590.52949355,95.68,94.63,90.46,67.85,1.01,HOLD
2026-05-11T18:00:00,SOL/USD,1h,97.74,98.06,97.24,97.27,72492.85669297,95.83,94.73,90.53,63.17,1.0,HOLD
2026-05-11T19:00:00,SOL/USD,1h,97.28,98.39,97.01,98.19,142549.18097024,96.06,94.87,90.61,67.76,1.02,HOLD
2026-05-11T20:00:00,SOL/USD,1h,98.2,98.38,97.58,97.61,59000.09689581,96.2,94.98,90.68,62.48,1.01,HOLD
2026-05-11T21:00:00,SOL/USD,1h,97.61,97.8,97.31,97.38,25148.67967779,96.32,95.07,90.74,60.46,0.97,BUY
2026-05-11T22:00:00,SOL/USD,1h,97.38,97.83,97.34,97.63,32149.38743231,96.44,95.17,90.81,61.9,0.94,BUY
2026-05-11T23:00:00,SOL/USD,1h,97.64,97.64,97.06,97.36,32682.37030738,96.53,95.26,90.88,59.39,0.91,BUY
2026-05-12T00:00:00,SOL/USD,1h,97.35,97.66,97.16,97.51,29453.65157705,96.62,95.35,90.94,60.35,0.88,BUY
2026-05-12T01:00:00,SOL/USD,1h,97.5,97.65,95.52,96.26,93048.24348495,96.59,95.38,91.0,49.77,0.97,HOLD
2026-05-12T02:00:00,SOL/USD,1h,96.25,96.69,96.14,96.54,34287.08218971,96.58,95.43,91.05,51.81,0.94,BUY
2026-05-12T03:00:00,SOL/USD,1h,96.54,96.63,96.01,96.12,36135.00486127,96.54,95.45,91.1,48.62,0.92,HOLD
2026-05-12T04:00:00,SOL/USD,1h,96.12,96.48,96.05,96.34,13419.02403664,96.52,95.49,91.15,50.35,0.88,BUY
2026-05-12T05:00:00,SOL/USD,1h,96.33,96.74,96.2,96.53,16344.54315795,96.52,95.53,91.21,51.85,0.86,BUY
2026-05-12T06:00:00,SOL/USD,1h,96.53,96.98,96.13,96.15,12498.8523275,96.49,95.55,91.26,48.68,0.86,HOLD
2026-05-12T07:00:00,SOL/USD,1h,96.15,96.28,95.79,96.02,16836.48528225,96.44,95.57,91.3,47.6,0.83,HOLD
2026-05-12T08:00:00,SOL/USD,1h,96.02,96.11,95.4,95.63,34774.46647479,96.36,95.57,91.35,44.44,0.82,HOLD
2026-05-12T09:00:00,SOL/USD,1h,95.62,96.02,95.29,95.76,33735.26419325,96.31,95.58,91.39,45.73,0.82,HOLD
2026-05-12T10:00:00,SOL/USD,1h,95.75,95.95,94.84,94.97,79957.02086299,96.18,95.56,91.43,39.68,0.84,HOLD
2026-05-12T11:00:00,SOL/USD,1h,94.98,95.03,94.56,94.95,31423.85488988,96.06,95.53,91.46,39.54,0.81,HOLD
2026-05-12T12:00:00,SOL/USD,1h,94.94,95.52,94.34,95.18,68409.16647899,95.98,95.52,91.5,42.12,0.84,HOLD
2026-05-12T13:00:00,SOL/USD,1h,95.19,95.38,94.52,94.66,73875.73654485,95.85,95.49,91.53,38.16,0.84,HOLD
2026-05-12T14:00:00,SOL/USD,1h,94.67,95.21,94.35,94.53,59765.40749866,95.73,95.45,91.56,37.21,0.84,HOLD
2026-05-12T15:00:00,SOL/USD,1h,94.51,94.76,93.58,93.81,80508.89847523,95.54,95.38,91.58,32.44,0.86,HOLD
2026-05-12T16:00:00,SOL/USD,1h,93.82,94.27,93.56,93.81,51400.72234113,95.38,95.32,91.6,32.44,0.85,HOLD
2026-05-12T17:00:00,SOL/USD,1h,93.81,94.64,93.79,94.48,38304.84787836,95.29,95.29,91.63,40.66,0.85,HOLD
2026-05-12T18:00:00,SOL/USD,1h,94.48,94.77,94.29,94.54,41576.84207701,95.22,95.26,91.66,41.35,0.83,SELL
2026-05-12T19:00:00,SOL/USD,1h,94.54,94.97,94.54,94.89,33614.31628267,95.19,95.25,91.69,45.33,0.8,SELL
2026-05-12T20:00:00,SOL/USD,1h,94.9,94.97,94.6,94.72,18699.11768655,95.15,95.23,91.72,43.77,0.77,SELL
2026-05-12T21:00:00,SOL/USD,1h,94.73,94.84,94.51,94.65,14833.12386037,95.1,95.2,91.75,43.12,0.74,SELL
2026-05-12T22:00:00,SOL/USD,1h,94.67,95.02,94.61,94.65,11561.88442288,95.06,95.18,91.78,43.12,0.71,SELL
2026-05-12T23:00:00,SOL/USD,1h,94.64,94.74,94.22,94.27,20307.64553864,94.98,95.15,91.81,39.4,0.7,SELL
2026-05-13T00:00:00,SOL/USD,1h,94.26,94.63,94.04,94.45,16550.92571607,94.93,95.12,91.83,41.95,0.69,SELL
2026-05-13T01:00:00,SOL/USD,1h,94.45,95.44,94.44,95.17,32531.62371053,94.95,95.12,91.87,50.87,0.71,SELL
2026-05-13T02:00:00,SOL/USD,1h,95.16,95.55,95.0,95.23,14445.21966185,94.98,95.12,91.9,51.54,0.7,SELL
2026-05-13T03:00:00,SOL/USD,1h,95.21,95.54,95.06,95.54,18389.04462585,95.03,95.14,91.94,54.95,0.69,SELL
2026-05-13T04:00:00,SOL/USD,1h,95.54,95.96,95.41,95.46,21111.76741156,95.07,95.15,91.97,53.89,0.68,SELL
2026-05-13T05:00:00,SOL/USD,1h,95.47,95.49,95.06,95.23,21500.63651072,95.09,95.16,92.0,50.87,0.66,SELL
2026-05-13T06:00:00,SOL/USD,1h,95.23,95.67,95.1,95.11,20332.97494936,95.09,95.15,92.03,49.32,0.65,SELL
2026-05-13T07:00:00,SOL/USD,1h,95.11,95.29,94.86,95.12,13364.83076021,95.09,95.15,92.06,49.46,0.64,SELL
2026-05-13T08:00:00,SOL/USD,1h,95.12,95.73,94.98,95.54,10420.15636965,95.14,95.17,92.1,55.02,0.64,SELL
2026-05-13T09:00:00,SOL/USD,1h,95.54,95.85,95.54,95.69,15970.54226246,95.19,95.19,92.13,56.84,0.62,SELL
2026-05-13T10:00:00,SOL/USD,1h,95.69,95.74,94.71,94.76,14646.31724579,95.15,95.17,92.16,44.72,0.65,SELL
2026-05-13T11:00:00,SOL/USD,1h,94.75,94.8,94.22,94.29,15185.44700918,95.07,95.14,92.18,40.07,0.64,SELL
2026-05-13T12:00:00,SOL/USD,1h,94.29,94.6,92.21,93.14,122985.24579272,94.88,95.06,92.19,31.46,0.77,SELL
2026-05-13T13:00:00,SOL/USD,1h,93.15,93.42,91.92,92.25,116388.34343943,94.63,94.95,92.19,26.68,0.82,SELL
2026-05-13T14:00:00,SOL/USD,1h,92.25,92.3,91.38,91.75,97067.58808728,94.36,94.82,92.19,24.43,0.83,HOLD
2026-05-13T15:00:00,SOL/USD,1h,91.84,91.9,90.22,90.39,113816.59502197,93.98,94.65,92.17,19.6,0.89,HOLD
2026-05-13T16:00:00,SOL/USD,1h,90.38,91.22,90.36,90.82,106809.21983665,93.68,94.5,92.16,24.67,0.89,HOLD
2026-05-13T17:00:00,SOL/USD,1h,90.82,91.19,90.66,90.85,97810.86220152,93.41,94.36,92.14,25.03,0.86,HOLD
2026-05-13T18:00:00,SOL/USD,1h,90.85,91.4,90.73,90.89,35367.56274497,93.17,94.22,92.13,25.53,0.85,HOLD
2026-05-13T19:00:00,SOL/USD,1h,90.9,90.99,90.45,90.94,51569.41524131,92.96,94.09,92.12,26.2,0.83,HOLD
2026-05-13T20:00:00,SOL/USD,1h,90.92,91.32,90.89,91.22,20751.20132062,92.79,93.98,92.11,29.99,0.8,HOLD
2026-05-13T21:00:00,SOL/USD,1h,91.22,91.24,90.7,90.86,19639.76143372,92.61,93.86,92.1,28.0,0.78,HOLD
2026-05-13T22:00:00,SOL/USD,1h,90.86,91.21,90.62,91.14,14491.22340641,92.47,93.75,92.09,31.79,0.77,HOLD
2026-05-13T23:00:00,SOL/USD,1h,91.15,91.29,91.01,91.14,11945.9510536,92.34,93.65,92.08,31.79,0.73,HOLD
2026-05-14T00:00:00,SOL/USD,1h,91.14,91.39,91.05,91.17,36359.34477194,92.23,93.55,92.07,32.24,0.7,HOLD
2026-05-14T01:00:00,SOL/USD,1h,91.16,91.31,90.96,91.11,21195.53397215,92.12,93.45,92.06,31.79,0.68,HOLD
2026-05-14T02:00:00,SOL/USD,1h,91.12,91.23,90.43,90.54,20527.09572312,91.97,93.34,92.05,27.85,0.69,HOLD
2026-05-14T03:00:00,SOL/USD,1h,90.55,90.75,89.77,89.9,42618.99211696,91.78,93.21,92.02,24.23,0.71,HOLD
2026-05-14T04:00:00,SOL/USD,1h,89.92,90.58,89.83,90.46,14344.19367133,91.65,93.1,92.01,32.51,0.71,HOLD
2026-05-14T05:00:00,SOL/USD,1h,90.44,91.42,90.37,91.25,12624.06793184,91.61,93.03,92.0,42.12,0.73,HOLD
2026-05-14T06:00:00,SOL/USD,1h,91.25,91.43,91.12,91.38,9233.21713765,91.59,92.96,91.99,43.55,0.7,HOLD
2026-05-14T07:00:00,SOL/USD,1h,91.36,91.63,90.66,90.85,27989.14325423,91.52,92.88,91.98,39.3,0.72,HOLD
2026-05-14T08:00:00,SOL/USD,1h,90.86,91.26,90.65,91.01,7841.40346356,91.47,92.8,91.97,41.17,0.72,HOLD
2026-05-14T09:00:00,SOL/USD,1h,91.03,91.11,90.54,90.82,14987.31309631,91.41,92.73,91.96,39.61,0.71,HOLD
2026-05-14T10:00:00,SOL/USD,1h,90.79,91.1,90.63,91.01,13953.40901238,91.37,92.66,91.95,41.97,0.69,HOLD
2026-05-14T11:00:00,SOL/USD,1h,91.01,91.07,90.58,90.61,9402.89805594,91.3,92.58,91.94,38.55,0.67,HOLD
2026-05-14T12:00:00,SOL/USD,1h,90.59,91.27,90.48,91.18,15314.12018319,91.29,92.52,91.93,45.38,0.68,HOLD
2026-05-14T13:00:00,SOL/USD,1h,91.18,91.46,90.7,90.75,30389.42030249,91.24,92.45,91.92,41.62,0.69,HOLD
2026-05-14T14:00:00,SOL/USD,1h,90.75,92.29,90.59,92.25,59147.49066621,91.33,92.45,91.92,55.48,0.76,SELL
2026-05-14T15:00:00,SOL/USD,1h,92.26,93.23,91.92,93.2,63055.98809719,91.51,92.48,91.94,61.68,0.8,SELL
2026-05-14T16:00:00,SOL/USD,1h,93.21,93.66,92.32,93.31,102891.81698219,91.68,92.51,91.95,62.34,0.84,SELL
2026-05-14T17:00:00,SOL/USD,1h,93.3,93.59,92.29,93.01,73061.83377826,91.81,92.53,91.96,59.36,0.87,SELL
2026-05-14T18:00:00,SOL/USD,1h,92.99,93.64,92.68,93.43,62111.59343838,91.96,92.56,91.97,62.09,0.88,SELL
2026-05-14T19:00:00,SOL/USD,1h,93.43,93.65,92.78,92.89,47556.95851754,92.05,92.58,91.98,56.81,0.88,SELL
2026-05-14T20:00:00,SOL/USD,1h,92.89,92.98,92.36,92.73,34696.22402297,92.12,92.58,91.99,55.3,0.86,SELL
2026-05-14T21:00:00,SOL/USD,1h,92.74,92.87,92.54,92.7,4027.89789025,92.17,92.59,92.0,55.01,0.82,SELL
2026-05-15T11:40:02.604771,BTC/USD,6h,80617.67,80637.99,78591.99,79265.36,3423.07815233,80413.66,80048.41,76097.44,43.19,1148.06,HOLD
2026-05-15T11:40:04.036983,SOL/USD,1h,89.0,89.66,88.75,89.6,51952.16823075,90.76,91.65,91.81,38.25,0.81,HOLD
2026-05-15T11:45:08.708807,BTC/USD,6h,80617.67,80637.99,78591.99,79241.71,3434.63214668,80411.41,80047.48,76097.2,43.07,1148.06,HOLD
2026-05-15T11:45:09.067844,SOL/USD,1h,89.0,89.66,88.75,89.47,54637.34322438,90.75,91.65,91.81,37.0,0.81,HOLD
2026-05-15T11:50:13.427579,BTC/USD,6h,80617.67,80637.99,78591.99,79243.86,3493.23739163,80411.61,80047.57,76097.22,43.09,1148.06,HOLD
2026-05-15T11:50:13.643026,SOL/USD,1h,89.0,89.66,88.75,89.43,58648.17908047,90.75,91.65,91.81,36.6,0.81,HOLD
2026-05-15T11:55:17.980654,BTC/USD,6h,80617.67,80637.99,78591.99,79205.79,3525.5137833,80407.98,80046.07,76096.85,42.91,1148.06,HOLD
2026-05-15T11:55:18.215038,SOL/USD,1h,89.0,89.66,88.75,89.33,61546.94698957,90.74,91.64,91.81,35.59,0.81,HOLD
2026-05-15T12:00:22.707911,BTC/USD,6h,80617.67,80637.99,78591.99,79230.01,3550.35747189,80410.29,80047.02,76097.09,43.02,1148.06,HOLD
2026-05-15T12:00:22.961694,SOL/USD,1h,89.46,89.48,89.45,89.48,48.32342813,90.63,91.56,91.79,37.1,0.76,HOLD
2026-05-15T12:05:27.772327,BTC/USD,6h,80617.67,80637.99,78591.99,79236.55,3580.15605367,80410.91,80047.28,76097.15,43.05,1148.06,HOLD
2026-05-15T12:05:27.966460,SOL/USD,1h,89.46,89.64,89.45,89.62,1673.16354428,90.64,91.57,91.79,38.55,0.77,HOLD
2026-05-15T12:10:32.359081,BTC/USD,6h,80617.67,80637.99,78591.99,79268.98,3626.61606281,80414.0,80048.55,76097.47,43.2,1148.06,HOLD
2026-05-15T12:10:32.573465,SOL/USD,1h,89.46,89.86,89.45,89.71,5358.35017022,90.65,91.57,91.79,39.45,0.78,HOLD
2026-05-15T12:15:37.266374,BTC/USD,6h,80617.67,80637.99,78591.99,79240.03,3646.95677342,80411.25,80047.42,76097.19,43.07,1148.06,HOLD
2026-05-15T12:15:37.549401,SOL/USD,1h,89.46,89.86,89.45,89.67,6120.71462424,90.65,91.57,91.79,39.05,0.78,HOLD
2026-05-15T12:20:41.910075,BTC/USD,6h,80617.67,80637.99,78591.99,79251.58,3667.49403566,80412.35,80047.87,76097.3,43.12,1148.06,HOLD
2026-05-15T12:20:42.090691,SOL/USD,1h,89.46,89.86,89.45,89.63,7673.43560833,90.64,91.57,91.79,38.65,0.78,HOLD
2026-05-15T12:25:46.500983,BTC/USD,6h,80617.67,80637.99,78591.99,79322.58,3688.63980552,80419.11,80050.65,76098.01,43.46,1148.06,HOLD
2026-05-15T12:25:46.733245,SOL/USD,1h,89.46,89.86,89.45,89.79,10830.3936282,90.66,91.58,91.79,40.22,0.78,HOLD
2026-05-15T12:30:51.216165,BTC/USD,6h,80617.67,80637.99,78591.99,79326.58,3717.18281602,80419.49,80050.81,76098.05,43.48,1148.06,HOLD
2026-05-15T12:30:51.665018,SOL/USD,1h,89.46,89.87,89.45,89.75,14492.88078525,90.65,91.57,91.79,39.84,0.78,HOLD
2026-05-15T12:35:56.398893,BTC/USD,6h,80617.67,80637.99,78591.99,79426.07,3737.48195218,80428.96,80054.71,76099.04,43.97,1148.06,HOLD
2026-05-15T12:35:56.644779,SOL/USD,1h,89.46,89.87,89.45,89.76,23237.95500832,90.66,91.57,91.79,39.93,0.78,HOLD
2026-05-15T12:41:01.289741,BTC/USD,6h,80617.67,80637.99,78591.99,79410.54,3768.08030742,80427.48,80054.1,76098.88,43.89,1148.06,HOLD
2026-05-15T12:41:01.506716,SOL/USD,1h,89.46,89.87,89.45,89.76,26020.86333025,90.66,91.57,91.79,39.93,0.78,HOLD
2026-05-15T12:42:33.015559,BTC/USD,6h,80617.67,80637.99,78591.99,79359.19,3782.55016719,80422.59,80052.09,76098.37,43.64,1148.06,HOLD
2026-05-15T12:42:33.213509,SOL/USD,1h,89.46,89.87,89.45,89.66,26664.5351861,90.65,91.57,91.79,38.95,0.78,HOLD
2026-05-15T12:46:06.705334,BTC/USD,6h,80617.67,80637.99,78591.99,79375.69,3798.68986777,80424.17,80052.74,76098.54,43.72,1148.06,HOLD
2026-05-15T12:46:06.945955,SOL/USD,1h,89.46,89.87,89.45,89.69,28710.72250509,90.65,91.57,91.79,39.25,0.78,HOLD
2026-05-15T12:47:37.741790,BTC/USD,6h,80617.67,80637.99,78591.99,79345.64,3803.05325447,80421.3,80051.56,76098.24,43.57,1148.06,HOLD
2026-05-15T12:47:38.045770,SOL/USD,1h,89.46,89.87,89.45,89.59,28860.43679198,90.64,91.57,91.79,38.25,0.78,HOLD
2026-05-15T12:51:11.706358,BTC/USD,6h,80617.67,80637.99,78591.99,79401.29,3812.11212545,80426.6,80053.74,76098.79,43.85,1148.06,HOLD
2026-05-15T12:51:11.965663,SOL/USD,1h,89.46,89.87,89.45,89.66,29439.2938197,90.65,91.57,91.79,38.95,0.78,HOLD
2026-05-15T12:52:42.381986,BTC/USD,6h,80617.67,80637.99,78591.99,79353.89,3814.22760669,80422.09,80051.88,76098.32,43.61,1148.06,HOLD
2026-05-15T12:52:42.608402,SOL/USD,1h,89.46,89.87,89.45,89.58,29554.75557686,90.64,91.57,91.79,38.15,0.78,HOLD
2026-05-15T12:56:16.677248,BTC/USD,6h,80617.67,80637.99,78591.99,79433.89,3821.55109228,80429.71,80055.02,76099.12,44.01,1148.06,HOLD
2026-05-15T12:56:16.875518,SOL/USD,1h,89.46,89.87,89.45,89.73,30598.37461567,90.65,91.57,91.79,39.64,0.78,HOLD
2026-05-15T12:57:46.992219,BTC/USD,6h,80617.67,80637.99,78591.99,79391.42,3832.934531,80425.66,80053.35,76098.69,43.8,1148.06,HOLD
2026-05-15T12:57:47.170600,SOL/USD,1h,89.46,89.87,89.45,89.69,31686.40007228,90.65,91.57,91.79,39.25,0.78,HOLD
2026-05-15T13:01:21.546201,BTC/USD,6h,79425.13,79490.23,79413.0,79476.69,10.28400823,80338.17,80032.01,76180.93,44.31,1071.58,HOLD
2026-05-15T13:01:21.823835,SOL/USD,1h,89.78,89.94,89.77,89.92,994.54671791,90.59,91.51,91.78,41.53,0.74,HOLD
2026-05-15T13:02:51.683917,BTC/USD,6h,79425.13,79514.76,79413.0,79505.17,14.34928187,80340.88,80033.12,76181.21,44.5,1073.33,HOLD
2026-05-15T13:02:52.004450,SOL/USD,1h,89.78,89.97,89.77,89.97,1328.71870808,90.59,91.51,91.78,42.02,0.74,HOLD
2026-05-15T13:06:26.116346,BTC/USD,6h,79425.13,79533.91,79413.0,79421.5,27.18158956,80332.91,80029.84,76180.38,43.94,1074.7,HOLD
2026-05-15T13:06:26.344079,SOL/USD,1h,89.78,90.05,89.77,89.84,5513.68481821,90.58,91.51,91.78,40.73,0.75,HOLD
2026-05-15T13:07:56.402698,BTC/USD,6h,79425.13,79533.91,79401.33,79430.13,30.85387314,80333.74,80030.18,76180.46,44.0,1075.53,HOLD
2026-05-15T13:07:56.605451,SOL/USD,1h,89.78,90.05,89.77,89.84,5922.84194467,90.58,91.51,91.78,40.73,0.75,HOLD
2026-05-15T13:11:31.474094,BTC/USD,6h,79425.13,79533.91,79380.3,79432.98,53.17655206,80334.01,80030.29,76180.49,44.02,1077.03,HOLD
2026-05-15T13:11:31.819522,SOL/USD,1h,89.78,90.05,89.77,89.88,6487.74188963,90.58,91.51,91.78,41.14,0.75,HOLD
2026-05-15T13:13:01.915631,BTC/USD,6h,79425.13,79533.91,79380.3,79490.15,59.37014718,80339.45,80032.54,76181.06,44.4,1077.03,HOLD
2026-05-15T13:13:02.066747,SOL/USD,1h,89.78,90.05,89.77,89.95,6890.95866317,90.59,91.51,91.78,41.83,0.75,HOLD
2026-05-15T13:16:36.304032,BTC/USD,6h,79425.13,79533.91,79380.3,79390.34,72.66373278,80329.95,80028.62,76180.07,43.78,1077.03,HOLD
2026-05-15T13:16:36.560139,SOL/USD,1h,89.78,90.05,89.77,89.87,8643.95808569,90.58,91.51,91.78,41.04,0.75,HOLD
2026-05-15T13:18:06.829802,BTC/USD,6h,79425.13,79533.91,79324.28,79324.28,82.1804381,80323.66,80026.03,76179.41,43.43,1081.03,HOLD
2026-05-15T13:18:07.095064,SOL/USD,1h,89.78,90.05,89.77,89.78,9107.42737214,90.57,91.5,91.78,40.15,0.75,HOLD
2026-05-15T13:19:37.284901,BTC/USD,6h,79425.13,79533.91,79156.0,79219.33,102.91345689,80313.66,80021.92,76178.36,42.89,1093.05,HOLD
2026-05-15T13:19:37.642292,SOL/USD,1h,89.78,90.05,89.61,89.65,9812.24828429,90.56,91.5,91.78,39.28,0.76,HOLD
2026-05-15T13:24:41.764114,BTC/USD,6h,79425.13,79533.91,79156.0,79299.16,142.34148575,80321.26,80025.05,76179.16,43.3,1093.05,HOLD
2026-05-15T13:24:41.976503,SOL/USD,1h,89.78,90.05,89.6,89.81,12023.40618953,90.58,91.51,91.78,40.43,0.76,HOLD
2026-05-15T13:29:46.405707,BTC/USD,6h,79425.13,79533.91,79156.0,79236.64,186.40989263,80315.31,80022.59,76178.54,42.98,1093.05,HOLD
2026-05-15T13:29:46.684390,SOL/USD,1h,89.78,90.05,89.6,89.68,20387.6589231,90.56,91.5,91.78,39.47,0.76,HOLD
2026-05-15T13:34:51.529108,BTC/USD,6h,79425.13,79533.91,79114.42,79188.07,231.10033019,80310.68,80020.69,76178.05,42.74,1096.02,HOLD
2026-05-15T13:34:51.827784,SOL/USD,1h,89.78,90.05,89.43,89.59,25600.4494625,90.56,91.5,91.78,38.88,0.77,HOLD
2026-05-15T13:39:56.461405,BTC/USD,6h,79425.13,79533.91,79114.42,79202.2,261.87726144,80312.03,80021.24,76178.19,42.81,1096.02,HOLD
2026-05-15T13:39:56.662904,SOL/USD,1h,89.78,90.05,89.43,89.71,26456.53167088,90.57,91.5,91.78,39.68,0.77,HOLD
2026-05-15T13:45:01.216617,BTC/USD,6h,79425.13,79533.91,79114.42,79244.27,300.80926669,80316.04,80022.89,76178.61,43.02,1096.02,HOLD
2026-05-15T13:45:01.446786,SOL/USD,1h,89.78,90.05,89.43,89.83,29037.11813529,90.58,91.51,91.78,40.63,0.77,HOLD
2026-05-15T13:50:06.405766,BTC/USD,6h,79425.13,79533.91,79114.42,79233.58,316.95498618,80315.02,80022.47,76178.51,42.97,1096.02,HOLD
2026-05-15T13:50:06.693431,SOL/USD,1h,89.78,90.05,89.43,89.83,37232.93675861,90.58,91.51,91.78,40.63,0.77,HOLD
2026-05-15T13:55:10.970110,BTC/USD,6h,79425.13,79533.91,79114.42,79241.67,331.54223696,80315.79,80022.79,76178.59,43.01,1096.02,HOLD
2026-05-15T13:55:11.175903,SOL/USD,1h,89.78,90.05,89.43,89.84,39553.7884706,90.58,91.51,91.78,40.73,0.77,HOLD
2026-05-15T14:00:15.516474,BTC/USD,6h,79425.13,79533.91,79114.42,79247.52,349.2964576,80316.34,80023.02,76178.64,43.04,1096.02,HOLD
2026-05-15T14:00:15.767789,SOL/USD,1h,89.74,89.76,89.74,89.75,82.35251534,90.49,91.43,91.76,39.99,0.72,HOLD
2026-05-15T16:53:24.904192,BTC/USD,6h,79425.13,79533.91,78955.0,79030.29,1095.12149639,80295.66,80014.5,76176.48,41.96,1107.41,HOLD
2026-05-15T16:53:25.156575,SOL/USD,1h,89.24,89.39,88.56,89.13,81469.4264123,90.23,91.25,91.7,35.69,0.74,HOLD
2026-05-15T16:58:29.440906,BTC/USD,6h,79425.13,79533.91,78870.69,78925.99,1118.16888094,80285.72,80010.41,76175.45,41.46,1113.43,HOLD
2026-05-15T16:58:29.693519,SOL/USD,1h,89.24,89.39,88.56,88.98,84272.92075853,90.21,91.24,91.7,34.7,0.74,HOLD
2026-05-15T17:03:33.988481,BTC/USD,6h,79425.13,79533.91,78870.69,78986.11,1126.21501356,80291.45,80012.77,76176.04,41.74,1113.43,HOLD
2026-05-15T17:03:34.201177,SOL/USD,1h,89.01,89.13,88.97,89.11,915.69948025,90.11,91.16,91.68,36.29,0.7,HOLD
2026-05-15T17:08:38.574205,BTC/USD,6h,79425.13,79533.91,78870.69,79014.56,1130.64293585,80294.16,80013.88,76176.33,41.88,1113.43,HOLD
2026-05-15T17:08:38.815021,SOL/USD,1h,89.01,89.19,88.97,89.19,2258.91071906,90.12,91.16,91.68,37.27,0.7,HOLD
2026-05-15T17:13:43.090982,BTC/USD,6h,79425.13,79533.91,78870.69,79024.89,1137.50246415,80295.14,80014.29,76176.43,41.93,1113.43,HOLD
2026-05-15T17:13:43.300154,SOL/USD,1h,89.01,89.22,88.97,89.18,2770.46220523,90.11,91.16,91.68,37.15,0.7,HOLD
2026-05-15T17:18:47.379164,BTC/USD,6h,79425.13,79533.91,78870.69,79029.99,1143.68896276,80295.63,80014.49,76176.48,41.96,1113.43,HOLD
2026-05-15T17:18:47.593837,SOL/USD,1h,89.01,89.22,88.97,89.18,3231.22023868,90.11,91.16,91.68,37.15,0.7,HOLD
2026-05-15T17:23:51.836343,BTC/USD,6h,79425.13,79533.91,78870.69,79030.35,1152.08869739,80295.66,80014.5,76176.48,41.96,1113.43,HOLD
2026-05-15T17:23:52.000525,SOL/USD,1h,89.01,89.22,88.97,89.21,3717.67220417,90.12,91.16,91.68,37.51,0.7,HOLD
2026-05-15T17:28:56.289471,BTC/USD,6h,79425.13,79533.91,78870.69,78994.0,1158.53998993,80292.2,80013.08,76176.12,41.78,1113.43,HOLD
2026-05-15T17:28:56.599144,SOL/USD,1h,89.01,89.24,88.97,89.13,4269.82880616,90.11,91.16,91.68,36.54,0.7,HOLD
2026-05-15T17:34:00.785739,BTC/USD,6h,79425.13,79533.91,78870.69,79039.62,1214.6098991,80296.54,80014.87,76176.58,42.0,1113.43,HOLD
2026-05-15T17:34:01.001309,SOL/USD,1h,89.01,89.26,88.97,89.2,6711.26511135,90.12,91.16,91.68,37.39,0.71,HOLD
2026-05-15T17:39:05.190335,BTC/USD,6h,79425.13,79533.91,78870.69,79083.66,1222.89942516,80300.74,80016.59,76177.01,42.22,1113.43,HOLD
2026-05-15T17:39:05.396666,SOL/USD,1h,89.01,89.26,88.97,89.17,7557.76820508,90.11,91.16,91.68,37.03,0.71,HOLD
2026-05-15T17:44:09.724069,BTC/USD,6h,79425.13,79533.91,78870.69,79108.09,1228.49998834,80303.07,80017.55,76177.26,42.34,1113.43,HOLD
2026-05-15T17:44:09.955889,SOL/USD,1h,89.01,89.26,88.97,89.22,8157.76011058,90.12,91.16,91.68,37.63,0.71,HOLD
2026-05-15T17:49:14.309508,BTC/USD,6h,79425.13,79533.91,78870.69,79101.36,1237.84571646,80302.42,80017.29,76177.19,42.3,1113.43,HOLD
2026-05-15T17:49:14.550561,SOL/USD,1h,89.01,89.26,88.97,89.25,9541.63495042,90.12,91.16,91.68,37.99,0.71,HOLD
2026-05-15T17:54:18.757984,BTC/USD,6h,79425.13,79533.91,78870.69,79046.06,1249.7173903,80297.16,80015.12,76176.64,42.03,1113.43,HOLD
2026-05-15T17:54:18.998475,SOL/USD,1h,89.01,89.27,88.97,89.22,10380.17703952,90.12,91.16,91.68,37.63,0.71,HOLD
2026-05-15T17:59:23.423541,BTC/USD,6h,79425.13,79533.91,78870.69,79073.2,1254.61211336,80299.74,80016.18,76176.91,42.17,1113.43,HOLD
2026-05-15T17:59:23.652563,SOL/USD,1h,89.01,89.31,88.97,89.28,10840.62080579,90.12,91.17,91.68,38.34,0.71,HOLD
2026-05-15T18:04:27.964991,BTC/USD,6h,79425.13,79533.91,78870.69,79102.71,1258.95000378,80302.55,80017.34,76177.2,42.31,1113.43,HOLD
2026-05-15T18:04:28.157976,SOL/USD,1h,89.27,89.34,89.23,89.32,486.4807084,90.05,91.09,91.67,38.84,0.67,HOLD
2026-05-15T18:09:32.268638,BTC/USD,6h,79425.13,79533.91,78870.69,79065.03,1278.12663012,80298.96,80015.86,76176.83,42.13,1113.43,HOLD
2026-05-15T18:09:32.500914,SOL/USD,1h,89.27,89.34,89.23,89.27,978.42328046,90.04,91.09,91.67,38.26,0.67,HOLD
2026-05-15T18:14:36.898611,BTC/USD,6h,79425.13,79533.91,78870.69,79065.73,1293.89355707,80299.03,80015.89,76176.84,42.13,1113.43,HOLD
2026-05-15T18:14:37.128417,SOL/USD,1h,89.27,89.34,89.2,89.23,1805.18526205,90.04,91.09,91.67,37.95,0.67,HOLD
2026-05-15T18:19:41.356658,BTC/USD,6h,79425.13,79533.91,78870.69,79069.17,1302.72543804,80299.36,80016.03,76176.87,42.15,1113.43,HOLD
2026-05-15T18:19:41.582404,SOL/USD,1h,89.27,89.34,89.2,89.28,2261.80238567,90.04,91.09,91.67,38.34,0.67,HOLD
2026-05-15T18:24:46.101952,BTC/USD,6h,79425.13,79533.91,78870.69,79072.62,1313.83719885,80299.69,80016.16,76176.9,42.16,1113.43,HOLD
2026-05-15T18:24:46.421372,SOL/USD,1h,89.27,89.34,89.2,89.25,2946.30430524,90.04,91.09,91.67,38.11,0.67,HOLD
2026-05-15T18:29:50.945053,BTC/USD,6h,79425.13,79533.91,78870.69,79060.02,1326.59648473,80298.49,80015.67,76176.78,42.1,1113.43,HOLD
2026-05-15T18:29:51.194834,SOL/USD,1h,89.27,89.34,89.2,89.23,3468.90829627,90.04,91.09,91.67,37.95,0.67,HOLD
2026-05-15T18:34:55.481437,BTC/USD,6h,79425.13,79533.91,78870.69,79049.23,1383.02558009,80297.46,80015.24,76176.67,42.05,1113.43,HOLD
2026-05-15T18:34:55.693566,SOL/USD,1h,89.27,89.34,89.2,89.21,3892.6971002,90.04,91.09,91.67,37.8,0.67,HOLD
2026-05-15T18:39:59.847824,BTC/USD,6h,79425.13,79533.91,78870.69,79053.65,1389.06062957,80297.88,80015.42,76176.72,42.07,1113.43,HOLD
2026-05-15T18:40:00.082904,SOL/USD,1h,89.27,89.34,89.15,89.24,5282.31566004,90.04,91.09,91.67,38.03,0.67,HOLD
2026-05-15T18:45:04.823028,BTC/USD,6h,79425.13,79533.91,78870.69,79080.02,1397.31522599,80300.39,80016.45,76176.98,42.2,1113.43,HOLD
2026-05-15T18:45:05.125461,SOL/USD,1h,89.27,89.34,89.15,89.27,7187.01132514,90.04,91.09,91.67,38.26,0.67,HOLD
2026-05-15T18:50:09.656907,BTC/USD,6h,79425.13,79533.91,78870.69,79070.03,1407.28141762,80299.44,80016.06,76176.88,42.15,1113.43,HOLD
2026-05-15T18:50:10.060399,SOL/USD,1h,89.27,89.34,89.15,89.23,8617.37302139,90.04,91.09,91.67,37.95,0.67,HOLD
2026-05-15T18:55:14.630945,BTC/USD,6h,79425.13,79533.91,78870.69,79066.81,1441.71091501,80299.13,80015.93,76176.85,42.14,1113.43,HOLD
2026-05-15T18:55:14.862349,SOL/USD,1h,89.27,89.34,89.15,89.2,9163.47220171,90.04,91.09,91.67,37.73,0.67,HOLD
2026-05-15T19:00:19.411370,BTC/USD,6h,79058.5,79058.51,79045.98,79046.01,1.39674297,80179.07,79977.58,76186.62,42.03,1034.8,HOLD
2026-05-15T19:00:19.646770,SOL/USD,1h,89.19,89.19,89.16,89.16,145.80997694,89.95,91.01,91.64,37.41,0.63,HOLD
2026-05-15T19:05:23.888608,BTC/USD,6h,79058.5,79090.0,79015.5,79077.17,14.97324144,80182.04,79978.8,76186.93,42.23,1039.22,HOLD
2026-05-15T19:05:24.109611,SOL/USD,1h,89.19,89.23,89.09,89.21,3483.83888128,89.96,91.01,91.64,37.92,0.63,HOLD
2026-05-15T19:10:28.419668,BTC/USD,6h,79058.5,79153.76,79015.5,79105.4,27.28982341,80184.73,79979.91,76187.21,42.43,1043.78,HOLD
2026-05-15T19:10:28.613947,SOL/USD,1h,89.19,89.38,89.09,89.27,4315.09053791,89.96,91.02,91.64,38.71,0.65,HOLD
2026-05-15T19:15:33.369189,BTC/USD,6h,79058.5,79153.76,79015.5,79116.11,33.33818803,80185.75,79980.33,76187.32,42.51,1043.78,HOLD
2026-05-15T19:15:33.672693,SOL/USD,1h,89.19,89.38,89.09,89.34,4969.36111407,89.97,91.02,91.64,39.6,0.65,HOLD
2026-05-15T19:20:38.240166,BTC/USD,6h,79058.5,79153.76,79015.5,79126.38,41.55474476,80186.73,79980.73,76187.42,42.58,1043.78,HOLD
2026-05-15T19:20:38.558967,SOL/USD,1h,89.19,89.38,89.09,89.27,5811.62974524,89.96,91.02,91.64,38.71,0.65,HOLD
2026-05-15T19:25:42.908422,BTC/USD,6h,79058.5,79162.76,79015.5,79122.95,54.81978621,80186.4,79980.6,76187.39,42.56,1044.42,HOLD
2026-05-15T19:25:43.065755,SOL/USD,1h,89.19,89.38,89.09,89.32,8357.08739989,89.97,91.02,91.64,39.35,0.65,HOLD
2026-05-15T19:30:47.590835,BTC/USD,6h,79058.5,79162.76,79015.5,79127.79,74.40715942,80186.86,79980.79,76187.44,42.59,1044.42,HOLD
2026-05-15T19:30:47.864018,SOL/USD,1h,89.19,89.38,89.09,89.26,10561.33759131,89.96,91.02,91.64,38.58,0.65,HOLD
2026-05-15T19:35:52.482536,BTC/USD,6h,79058.5,79169.05,79015.5,79104.24,114.43499944,80184.62,79979.87,76187.2,42.42,1044.87,HOLD
2026-05-15T19:35:52.703802,SOL/USD,1h,89.19,89.38,89.09,89.22,11213.2012673,89.96,91.01,91.64,38.05,0.65,HOLD
2026-05-15T19:40:57.385046,BTC/USD,6h,79058.5,79182.02,79015.5,79163.53,119.55419702,80190.27,79982.19,76187.79,42.84,1045.8,HOLD
2026-05-15T19:40:57.696601,SOL/USD,1h,89.19,89.38,89.09,89.31,12036.36428429,89.97,91.02,91.64,39.22,0.65,HOLD
2026-05-15T19:46:02.424108,BTC/USD,6h,79058.5,79182.02,79015.5,79109.7,131.68979392,80185.14,79980.08,76187.26,42.46,1045.8,HOLD
2026-05-15T19:46:02.789691,SOL/USD,1h,89.19,89.38,89.09,89.23,13377.38192421,89.96,91.02,91.64,38.18,0.65,HOLD
2026-05-15T19:51:07.478033,BTC/USD,6h,79058.5,79182.02,79015.5,79065.18,136.38116517,80180.9,79978.33,76186.81,42.14,1045.8,HOLD
2026-05-15T19:51:07.712049,SOL/USD,1h,89.19,89.38,89.09,89.21,14420.27216975,89.96,91.01,91.64,37.92,0.65,HOLD
2026-05-15T19:56:12.461164,BTC/USD,6h,79058.5,79182.02,79015.5,79050.91,144.89555425,80179.54,79977.77,76186.67,42.05,1045.8,HOLD
2026-05-15T19:56:12.752657,SOL/USD,1h,89.19,89.38,89.09,89.19,16827.23963526,89.95,91.01,91.64,37.65,0.65,HOLD
2026-05-15T20:01:17.588499,BTC/USD,6h,79058.5,79182.02,79015.5,79068.87,155.67633936,80181.25,79978.48,76186.85,42.17,1045.8,HOLD
2026-05-15T20:01:17.869518,SOL/USD,1h,89.17,89.19,89.17,89.18,35.05776037,89.88,90.94,91.63,37.7,0.6,HOLD
2026-05-15T20:06:22.611974,BTC/USD,6h,79058.5,79182.02,79015.5,79073.07,185.38169341,80181.65,79978.64,76186.89,42.2,1045.8,HOLD
2026-05-15T20:06:22.847879,SOL/USD,1h,89.17,89.19,89.13,89.17,899.95356042,89.88,90.94,91.63,37.55,0.6,HOLD
2026-05-15T20:11:27.319162,BTC/USD,6h,79058.5,79182.02,79015.5,79060.97,191.96320583,80180.5,79978.17,76186.77,42.11,1045.8,HOLD
2026-05-15T20:11:27.575545,SOL/USD,1h,89.17,89.21,89.13,89.15,1586.86940201,89.88,90.94,91.63,37.32,0.6,HOLD
2026-05-15T20:16:32.223444,BTC/USD,6h,79058.5,79182.02,79015.5,79075.64,207.16402531,80181.9,79978.74,76186.92,42.22,1045.8,HOLD
2026-05-15T20:16:32.479715,SOL/USD,1h,89.17,89.21,89.11,89.18,3302.0803917,89.88,90.94,91.63,37.7,0.61,HOLD
2026-05-15T20:21:37.109658,BTC/USD,6h,79058.5,79182.02,79015.5,79097.0,229.45564961,80183.93,79979.58,76187.13,42.37,1045.8,HOLD
2026-05-15T20:21:37.363163,SOL/USD,1h,89.17,89.21,89.08,89.2,4905.6470609,89.88,90.94,91.63,37.98,0.61,HOLD
2026-05-15T20:26:42.398087,BTC/USD,6h,79058.5,79182.02,79015.5,79049.12,240.19326417,80179.37,79977.7,76186.65,42.05,1045.8,HOLD
2026-05-15T20:26:42.734068,SOL/USD,1h,89.17,89.23,89.08,89.09,5652.6715417,89.87,90.94,91.63,36.81,0.61,HOLD
2026-05-15T20:31:47.340900,BTC/USD,6h,79058.5,79182.02,78979.73,79018.19,251.83245852,80176.42,79976.49,76186.35,41.88,1048.35,HOLD
2026-05-15T20:31:47.615187,SOL/USD,1h,89.17,89.23,88.95,89.02,8549.24278645,89.86,90.93,91.63,36.24,0.62,HOLD
2026-05-15T20:36:52.211009,BTC/USD,6h,79058.5,79182.02,78968.93,78996.86,255.52990848,80174.39,79975.66,76186.13,41.77,1049.12,HOLD
2026-05-15T20:36:52.438856,SOL/USD,1h,89.17,89.23,88.95,89.01,9672.56936456,89.86,90.93,91.63,36.16,0.62,HOLD
2026-05-15T20:41:57.091400,BTC/USD,6h,79058.5,79182.02,78956.9,78984.01,273.52132452,80173.17,79975.15,76186.01,41.71,1049.98,HOLD
2026-05-15T20:41:57.309918,SOL/USD,1h,89.17,89.23,88.9,88.93,10585.2537691,89.85,90.93,91.63,35.52,0.62,HOLD
2026-05-15T20:47:01.810861,BTC/USD,6h,79058.5,79182.02,78956.9,79037.09,289.81761803,80178.22,79977.23,76186.53,41.98,1049.98,HOLD
2026-05-15T20:47:02.008403,SOL/USD,1h,89.17,89.23,88.9,89.09,11201.42181492,89.87,90.94,91.63,36.81,0.62,HOLD
2026-05-15T20:52:06.689825,BTC/USD,6h,79058.5,79182.02,78956.9,79045.55,298.0340136,80179.03,79977.56,76186.62,42.03,1049.98,HOLD
2026-05-15T20:52:07.026612,SOL/USD,1h,89.17,89.23,88.9,89.11,12181.54954862,89.87,90.94,91.63,36.98,0.62,HOLD
2026-05-15T20:57:11.498409,BTC/USD,6h,79058.5,79182.02,78956.9,79107.71,304.82587251,80184.95,79980.0,76187.24,42.45,1049.98,HOLD
2026-05-15T20:57:11.740219,SOL/USD,1h,89.17,89.23,88.9,89.23,12789.41387811,89.88,90.94,91.63,38.4,0.62,HOLD
2026-05-15T21:02:16.221361,BTC/USD,6h,79058.5,79182.02,78956.9,79093.25,310.33511138,80183.57,79979.44,76187.09,42.34,1049.98,HOLD
2026-05-15T21:02:16.440033,SOL/USD,1h,89.23,89.33,89.23,89.26,259.3415235,89.82,90.88,91.6,38.84,0.59,HOLD
2026-05-15T21:07:20.706841,BTC/USD,6h,79058.5,79182.02,78956.9,79139.98,319.39040531,80188.02,79981.27,76187.56,42.68,1049.98,HOLD
2026-05-15T21:07:20.917039,SOL/USD,1h,89.23,89.33,89.11,89.24,4677.96203849,89.82,90.88,91.6,38.54,0.6,HOLD
2026-05-15T21:12:25.230341,BTC/USD,6h,79058.5,79182.02,78956.9,79126.01,327.15147484,80186.69,79980.72,76187.42,42.58,1049.98,HOLD
2026-05-15T21:12:25.474752,SOL/USD,1h,89.23,89.33,89.11,89.23,5181.10685628,89.82,90.88,91.6,38.45,0.6,HOLD
2026-05-15T21:17:29.829142,BTC/USD,6h,79058.5,79182.02,78956.9,79118.77,334.60747634,80186.0,79980.44,76187.35,42.53,1049.98,HOLD
2026-05-15T21:17:30.026441,SOL/USD,1h,89.23,89.33,89.11,89.19,5966.6736608,89.82,90.87,91.6,38.08,0.6,HOLD
2026-05-15T21:22:34.195435,BTC/USD,6h,79058.5,79182.02,78956.9,79113.26,351.70862975,80185.48,79980.22,76187.29,42.49,1049.98,HOLD
2026-05-15T21:22:34.449870,SOL/USD,1h,89.23,89.33,89.11,89.16,6615.45541391,89.81,90.87,91.59,37.8,0.6,HOLD
2026-05-15T21:27:38.569427,BTC/USD,6h,79058.5,79182.02,78956.9,79134.41,356.35746762,80187.49,79981.05,76187.5,42.64,1049.98,HOLD
2026-05-15T21:27:38.744377,SOL/USD,1h,89.23,89.33,89.06,89.13,10226.82917819,89.81,90.87,91.59,37.54,0.6,HOLD
2026-05-15T21:32:43.286972,BTC/USD,6h,79058.5,79182.02,78956.9,79082.43,364.49992603,80182.54,79979.01,76186.99,42.27,1049.98,HOLD
2026-05-15T21:32:43.523188,SOL/USD,1h,89.23,89.33,88.91,89.02,11950.42029575,89.8,90.87,91.59,36.58,0.61,HOLD
2026-05-15T21:37:47.816469,BTC/USD,6h,79058.5,79182.02,78956.9,79044.63,369.90039691,80178.94,79977.53,76186.61,42.02,1049.98,HOLD
2026-05-15T21:37:48.036644,SOL/USD,1h,89.23,89.33,88.91,89.0,12381.82694219,89.8,90.87,91.59,36.41,0.61,HOLD
2026-05-15T21:42:52.296720,BTC/USD,6h,79058.5,79182.02,78956.9,79049.15,382.1127739,80179.37,79977.71,76186.65,42.05,1049.98,HOLD
2026-05-15T21:42:52.537365,SOL/USD,1h,89.23,89.33,88.91,89.02,13090.33610749,89.8,90.87,91.59,36.58,0.61,HOLD
2026-05-15T21:47:56.810272,BTC/USD,6h,79058.5,79182.02,78956.9,79044.97,403.50299727,80178.97,79977.54,76186.61,42.02,1049.98,HOLD
2026-05-15T21:47:57.032467,SOL/USD,1h,89.23,89.33,88.91,89.02,13993.05123188,89.8,90.87,91.59,36.58,0.61,HOLD
2026-05-15T21:53:01.201900,BTC/USD,6h,79058.5,79182.02,78956.9,79044.24,407.90715854,80178.91,79977.51,76186.61,42.02,1049.98,HOLD
2026-05-15T21:53:01.386907,SOL/USD,1h,89.23,89.33,88.91,89.03,14732.11079667,89.8,90.87,91.59,36.66,0.61,HOLD
2026-05-15T21:58:05.672509,BTC/USD,6h,79058.5,79182.02,78956.9,79053.13,411.79537767,80179.75,79977.86,76186.69,42.07,1049.98,HOLD
2026-05-15T21:58:05.912095,SOL/USD,1h,89.23,89.33,88.91,89.07,15730.1822262,89.81,90.87,91.59,37.01,0.61,HOLD
2026-05-15T22:03:10.308264,BTC/USD,6h,79058.5,79182.02,78956.9,79106.14,417.4811345,80184.8,79979.94,76187.22,42.44,1049.98,HOLD
2026-05-15T22:03:10.509706,SOL/USD,1h,89.14,89.2,89.12,89.15,750.74765691,89.75,90.81,91.57,37.71,0.57,HOLD
2026-05-15T22:08:14.913219,BTC/USD,6h,79058.5,79182.02,78956.9,79112.0,423.06054629,80185.36,79980.17,76187.28,42.48,1049.98,HOLD
2026-05-15T22:08:15.150229,SOL/USD,1h,89.14,89.22,89.12,89.19,1042.08273777,89.76,90.81,91.57,38.28,0.58,HOLD
2026-05-15T22:13:19.492817,BTC/USD,6h,79058.5,79182.02,78956.9,79121.31,433.33743076,80186.25,79980.54,76187.37,42.55,1049.98,HOLD
2026-05-15T22:13:19.699960,SOL/USD,1h,89.14,89.22,89.12,89.18,1302.78415217,89.75,90.81,91.57,38.12,0.58,HOLD
2026-05-15T22:18:23.813255,BTC/USD,6h,79058.5,79182.02,78956.9,79113.93,503.12881878,80185.54,79980.25,76187.3,42.49,1049.98,HOLD
2026-05-15T22:18:24.016209,SOL/USD,1h,89.14,89.22,89.12,89.17,1755.01653895,89.75,90.81,91.57,37.96,0.58,HOLD
2026-05-15T22:23:28.120312,BTC/USD,6h,79058.5,79182.02,78956.9,79138.01,599.46747949,80187.84,79981.19,76187.54,42.66,1049.98,HOLD
2026-05-15T22:23:28.336837,SOL/USD,1h,89.14,89.22,89.12,89.21,2071.9178122,89.76,90.81,91.57,38.6,0.58,HOLD
2026-05-15T22:28:32.629104,BTC/USD,6h,79058.5,79182.02,78956.9,79132.07,602.436747,80187.27,79980.96,76187.48,42.62,1049.98,HOLD
2026-05-15T22:28:32.848201,SOL/USD,1h,89.14,89.22,89.11,89.18,2388.71979646,89.75,90.81,91.57,38.12,0.58,HOLD
2026-05-15T22:33:37.068839,BTC/USD,6h,79058.5,79182.02,78956.9,79105.11,607.44525065,80184.7,79979.9,76187.21,42.43,1049.98,HOLD
2026-05-15T22:33:37.340807,SOL/USD,1h,89.14,89.22,89.07,89.13,2620.88809925,89.75,90.8,91.57,37.51,0.58,HOLD
2026-05-15T22:38:42.427471,BTC/USD,6h,79058.5,79182.02,78956.9,79098.17,611.93451725,80184.04,79979.63,76187.14,42.38,1049.98,HOLD
2026-05-15T22:38:42.641845,SOL/USD,1h,89.14,89.22,89.06,89.14,3057.80055267,89.75,90.81,91.57,37.61,0.58,HOLD
2026-05-15T22:43:47.000924,BTC/USD,6h,79058.5,79182.02,78956.9,79053.16,617.9278488,80179.75,79977.86,76186.69,42.07,1049.98,HOLD
2026-05-15T22:43:47.234048,SOL/USD,1h,89.14,89.22,89.03,89.04,3282.73676977,89.74,90.8,91.57,36.67,0.58,HOLD
2026-05-15T22:48:52.045413,BTC/USD,6h,79058.5,79182.02,78956.9,79033.7,625.76843464,80177.9,79977.1,76186.5,41.96,1049.98,HOLD
2026-05-15T22:48:52.248118,SOL/USD,1h,89.14,89.22,88.99,89.02,3525.67637361,89.74,90.8,91.57,36.49,0.58,HOLD
2026-05-15T22:53:41.272019,BTC/USD,6h,79058.5,79182.02,78956.9,79009.03,630.95180434,80175.55,79976.13,76186.25,41.84,1049.98,HOLD
2026-05-15T22:53:41.461881,SOL/USD,1h,89.14,89.22,88.94,88.97,3935.17268072,89.73,90.8,91.57,36.04,0.59,HOLD
2026-05-15T22:58:45.893612,BTC/USD,6h,79058.5,79182.02,78956.9,79053.14,634.63459454,80179.75,79977.86,76186.69,42.07,1049.98,HOLD
2026-05-15T22:58:46.144802,SOL/USD,1h,89.14,89.22,88.94,89.0,4293.49707679,89.74,90.8,91.57,36.31,0.59,HOLD
2026-05-15T22:59:01.015333,BTC/USD,6h,79058.5,79182.02,78956.9,79045.12,634.94422507,80178.99,79977.55,76186.61,42.02,1049.98,HOLD
2026-05-15T22:59:01.280291,SOL/USD,1h,89.14,89.22,88.94,88.97,4459.18590068,89.73,90.8,91.57,36.04,0.59,HOLD
2026-05-15T22:59:23.670532,BTC/USD,6h,79058.5,79182.02,78956.9,79045.12,635.06617594,80178.99,79977.55,76186.61,42.02,1049.98,HOLD
2026-05-15T22:59:23.878535,SOL/USD,1h,89.14,89.22,88.94,89.0,4466.12907425,89.74,90.8,91.57,36.31,0.59,HOLD
2026-05-15T23:00:29.515606,BTC/USD,6h,79058.5,79182.02,78956.9,79035.98,659.88615678,80178.12,79977.19,76186.52,41.98,1049.98,HOLD
2026-05-15T23:00:29.785767,SOL/USD,1h,89.0,89.0,88.97,88.99,192.97352017,89.67,90.73,91.55,36.21,0.55,HOLD
2026-05-15T23:02:29.118543,BTC/USD,6h,79058.5,79182.02,78956.9,78993.55,664.57359346,80174.08,79975.53,76186.1,41.76,1049.98,HOLD
2026-05-15T23:02:29.353795,SOL/USD,1h,89.0,89.01,88.87,88.89,1149.29810496,89.66,90.73,91.54,35.27,0.56,HOLD
2026-05-16T06:55:52.066200,BTC/USD,6h,78998.0,79017.76,77608.95,78067.18,1045.89951012,79973.8,79900.87,76346.71,37.16,1085.22,HOLD
2026-05-16T06:55:52.254814,SOL/USD,1h,85.98,86.29,85.98,86.11,11286.27105111,88.26,89.81,91.22,20.37,0.69,HOLD
2026-05-16T07:48:57.802185,BTC/USD,6h,78047.68,78099.01,77880.01,78064.11,106.66514485,79790.25,79828.11,76344.65,37.21,1023.35,SELL
2026-05-16T07:48:58.113153,SOL/USD,1h,86.07,86.4,85.96,86.39,9994.48042321,88.08,89.68,91.22,25.17,0.67,HOLD
2026-05-16T08:37:19.154604,BTC/USD,6h,78047.68,78099.01,77798.0,77799.98,252.63765041,79765.09,79817.75,76342.02,35.94,1029.21,SELL
2026-05-16T08:37:19.375646,SOL/USD,1h,86.21,86.31,86.08,86.12,6270.82942391,87.88,89.53,91.19,21.84,0.64,HOLD
2026-05-16T08:50:07.254846,BTC/USD,6h,78047.68,78099.01,77798.0,77882.01,278.7027755,79772.91,79820.97,76342.84,36.31,1029.21,SELL
2026-05-16T08:50:07.478656,SOL/USD,1h,86.21,86.31,86.06,86.22,8756.94248875,87.88,89.53,91.19,22.36,0.64,HOLD
2026-05-16T09:42:47.996475,BTC/USD,6h,78047.68,78141.28,77798.0,78134.67,361.12596435,79796.97,79830.87,76345.36,37.77,1032.23,SELL
2026-05-16T09:42:48.259453,SOL/USD,1h,86.21,86.34,86.02,86.33,10933.17747819,87.74,89.41,91.15,24.62,0.62,HOLD
2026-05-16T09:52:57.589699,BTC/USD,6h,78047.68,78319.08,77798.0,78134.76,394.99011272,79796.98,79830.88,76345.36,37.77,1044.93,SELL
2026-05-16T09:52:57.809093,SOL/USD,1h,86.21,86.66,86.02,86.38,18442.8361897,87.74,89.41,91.16,25.54,0.64,HOLD
2026-05-16T10:29:03.285154,BTC/USD,6h,78047.68,78319.08,77798.0,78142.01,443.24630028,79797.67,79831.16,76345.43,37.83,1044.93,SELL
2026-05-16T10:29:03.498599,SOL/USD,1h,86.36,86.57,86.24,86.35,8354.51520197,87.61,89.29,91.13,25.11,0.62,HOLD
2026-05-16T11:13:01.786226,BTC/USD,6h,78047.68,78328.88,77798.0,78190.04,541.95402108,79802.24,79833.04,76345.91,38.2,1045.63,SELL
2026-05-16T11:13:01.916012,SOL/USD,1h,86.44,86.7,86.35,86.37,3663.97638078,87.5,89.18,91.06,26.33,0.6,HOLD
2026-05-16T11:25:56.081752,BTC/USD,6h,78047.68,78328.88,77798.0,78267.54,565.73873962,79809.62,79836.08,76346.68,38.79,1045.63,SELL
2026-05-16T11:25:56.332400,SOL/USD,1h,86.44,86.7,86.34,86.64,10074.9077936,87.52,89.19,91.06,30.6,0.61,HOLD
2026-05-16T11:27:23.566484,BTC/USD,6h,78047.68,78328.88,77798.0,78278.62,570.74716559,79810.68,79836.52,76346.79,38.88,1045.63,SELL
2026-05-16T11:27:23.795849,SOL/USD,1h,86.44,86.7,86.34,86.64,10182.68777461,87.52,89.19,91.06,30.6,0.61,HOLD
2026-05-16T11:32:35.216460,BTC/USD,6h,78047.68,78328.88,77798.0,78243.52,576.51114885,79807.34,79835.14,76346.44,38.61,1045.63,SELL
2026-05-16T11:32:35.436626,SOL/USD,1h,86.44,86.7,86.34,86.57,11733.54961645,87.52,89.19,91.06,29.29,0.61,HOLD
2026-05-16T11:37:40.492023,BTC/USD,6h,78047.68,78328.88,77798.0,78228.37,594.32081539,79805.89,79834.55,76346.29,38.49,1045.63,SELL
2026-05-16T11:37:40.748710,SOL/USD,1h,86.44,86.7,86.34,86.67,13103.53207086,87.53,89.19,91.06,31.15,0.61,HOLD
2026-05-16T11:42:45.162552,BTC/USD,6h,78047.68,78328.88,77798.0,78152.13,599.42501866,79798.63,79831.56,76345.53,37.9,1045.63,SELL
2026-05-16T11:42:45.388974,SOL/USD,1h,86.44,86.74,86.34,86.58,15391.96007035,87.52,89.19,91.06,29.48,0.61,HOLD
2026-05-16T11:47:49.689628,BTC/USD,6h,78047.68,78328.88,77798.0,78153.21,603.91668238,79798.73,79831.6,76345.54,37.91,1045.63,SELL
2026-05-16T11:47:49.926117,SOL/USD,1h,86.44,86.74,86.34,86.64,16169.16719986,87.52,89.19,91.06,30.6,0.61,HOLD
2026-05-16T11:52:54.497531,BTC/USD,6h,78047.68,78328.88,77798.0,78139.64,607.20209734,79797.44,79831.07,76345.4,37.81,1045.63,SELL
2026-05-16T11:52:54.753581,SOL/USD,1h,86.44,86.74,86.34,86.57,19805.3728157,87.52,89.19,91.06,29.29,0.61,HOLD
2026-05-16T11:57:59.302750,BTC/USD,6h,78047.68,78328.88,77798.0,78150.23,611.38468014,79798.45,79831.48,76345.51,37.89,1045.63,SELL
2026-05-16T11:57:59.515685,SOL/USD,1h,86.44,86.74,86.34,86.61,20378.25861594,87.52,89.19,91.06,30.05,0.61,HOLD
2026-05-16T12:03:03.711716,BTC/USD,6h,78047.68,78328.88,77798.0,78205.11,622.45284647,79803.68,79833.64,76346.06,38.32,1045.63,SELL
2026-05-16T12:03:03.928978,SOL/USD,1h,86.6,86.67,86.58,86.62,301.59652769,87.43,89.09,90.99,30.26,0.57,HOLD
2026-05-16T12:08:08.254214,BTC/USD,6h,78047.68,78328.88,77798.0,78227.54,625.13302866,79805.81,79834.52,76346.28,38.49,1045.63,SELL
2026-05-16T12:08:08.556559,SOL/USD,1h,86.6,86.71,86.58,86.71,842.5628936,87.44,89.09,90.99,32.02,0.57,HOLD
2026-05-16T12:13:12.769363,BTC/USD,6h,78047.68,78328.88,77798.0,78220.99,632.04451211,79805.19,79834.26,76346.21,38.44,1045.63,SELL
2026-05-16T12:13:12.909505,SOL/USD,1h,86.6,86.73,86.58,86.66,2703.96844308,87.44,89.09,90.99,31.05,0.58,HOLD
2026-05-16T12:18:17.346677,BTC/USD,6h,78047.68,78328.88,77798.0,78213.15,643.42319005,79804.44,79833.95,76346.14,38.38,1045.63,SELL
2026-05-16T12:18:17.583877,SOL/USD,1h,86.6,86.73,86.58,86.65,3188.85699539,87.44,89.09,90.99,30.86,0.58,HOLD
2026-05-16T12:23:22.017555,BTC/USD,6h,78047.68,78328.88,77798.0,78247.76,667.72512718,79807.74,79835.31,76346.48,38.64,1045.63,SELL
2026-05-16T12:23:22.207038,SOL/USD,1h,86.6,86.73,86.58,86.72,4141.69041337,87.44,89.09,90.99,32.21,0.58,HOLD
2026-05-16T12:28:26.798525,BTC/USD,6h,78047.68,78328.88,77798.0,78238.03,677.31827502,79806.81,79834.93,76346.38,38.57,1045.63,SELL
2026-05-16T12:28:27.008215,SOL/USD,1h,86.6,86.82,86.58,86.78,5329.23773214,87.45,89.09,90.99,33.32,0.58,HOLD
2026-05-16T12:33:31.651934,BTC/USD,6h,78047.68,78328.88,77798.0,78241.98,684.17133302,79807.19,79835.08,76346.42,38.6,1045.63,SELL
2026-05-16T12:33:31.865591,SOL/USD,1h,86.6,86.82,86.58,86.82,5955.67541806,87.45,89.09,90.99,34.04,0.58,HOLD
